color,currency,image,inStock,name,os,page_num,price,processor,ram,rom,screenSize,url,wasPrice
desert titanium,AED,https://cdn.media.amplience.net/i/emax/100000366247_1,1,Apple iPhone 16 Pro Max 512GB Desert Titanium 5G UAE Version,iOS 18,1,5949.0,A18 Pro Chip,,512gb,6.9 Inch,uae.emaxme.com/buy-apple-iphone-16-pro-max-512gb-desert-titanium-5g-uae-version-p-01J7NKYPPYGRBC0QP2T8460366-Desert Titanium-512GB.html,5949.0
natural titanium,AED,https://cdn.media.amplience.net/i/emax/100000366240_1,1,Apple iPhone 16 Pro Max 256GB Natural Titanium 5G UAE Version,iOS 18,1,5099.0,A18 Pro Chip,,256gb,6.9 Inch,uae.emaxme.com/buy-apple-iphone-16-pro-max-256gb-natural-titanium-5g-uae-version-p-01J7NKYPPYGRBC0QP2T8460366-Natural Titanium-256GB.html,5099.0
desert titanium,AED,https://cdn.media.amplience.net/i/emax/100000366247_1,1,Apple iPhone 16 Pro Max 256GB Desert Titanium 5G UAE Version,iOS 18,1,5999.0,A18 Pro Chip,,256gb,6.9 Inch,uae.emaxme.com/buy-apple-iphone-16-pro-max-256gb-desert-titanium-5g-uae-version-p-01J7NKYPPYGRBC0QP2T8460366-Desert Titanium-256GB.html,5999.0
white titanium,AED,https://cdn.media.amplience.net/i/emax/100000366238_1,1,Apple iPhone 16 Pro Max 256GB White Titanium 5G UAE Version,iOS 18,1,5099.0,A18 Pro Chip,,256gb,6.9 Inch,uae.emaxme.com/buy-apple-iphone-16-pro-max-256gb-white-titanium-5g-uae-version-p-01J7NKYPPYGRBC0QP2T8460366-White Titanium-256GB.html,5099.0
desert titanium,AED,https://cdn.media.amplience.net/i/emax/100000366231_1,1,Apple iphone 16 Pro 1TB Desert Titanium 5G UAE Version,iOS 18,1,6399.0,A18 Pro Chip,,1tb,6.3 Inch,uae.emaxme.com/buy-apple-iphone-16-pro-1tb-desert-titanium-5g-uae-version-p-01J7NKYPPN7ABX11KECDW018XH-Desert Titanium-1TB.html,6399.0
white titanium,AED,https://cdn.media.amplience.net/i/emax/100000366230_1,1,Apple iphone 16 Pro 1TB White Titanium 5G UAE Version,iOS 18,1,6399.0,A18 Pro Chip,,1tb,6.3 Inch,uae.emaxme.com/buy-apple-iphone-16-pro-1tb-white-titanium-5g-uae-version-p-01J7NKYPPN7ABX11KECDW018XH-White Titanium-1TB.html,6399.0
black titanium,AED,https://cdn.media.amplience.net/i/emax/100000366221_1,1,Apple iphone 16 Pro 1TB Black Titanium 5G UAE Version,iOS 18,1,6399.0,A18 Pro Chip,,1tb,6.3 Inch,uae.emaxme.com/buy-apple-iphone-16-pro-1tb-black-titanium-5g-uae-version-p-01J7NKYPPN7ABX11KECDW018XH-Black Titanium-1TB.html,6399.0
natural titanium,AED,https://cdn.media.amplience.net/i/emax/100000366232_1,1,Apple iphone 16 Pro 512GB Natural Titanium 5G UAE Version,iOS 18,1,5549.0,A18 Pro Chip,,512gb,6.3 Inch,uae.emaxme.com/buy-apple-iphone-16-pro-512gb-natural-titanium-5g-uae-version-p-01J7NKYPPN7ABX11KECDW018XH-Natural Titanium-512GB.html,5549.0
desert titanium,AED,https://cdn.media.amplience.net/i/emax/100000366231_1,1,Apple iphone 16 Pro 512GB Desert Titanium 5G UAE Version,iOS 18,1,5549.0,A18 Pro Chip,,512gb,6.3 Inch,uae.emaxme.com/buy-apple-iphone-16-pro-512gb-desert-titanium-5g-uae-version-p-01J7NKYPPN7ABX11KECDW018XH-Desert Titanium-512GB.html,5549.0
white titanium,AED,https://cdn.media.amplience.net/i/emax/100000366230_1,1,Apple iphone 16 Pro 512GB White Titanium 5G UAE Version,iOS 18,1,5549.0,A18 Pro Chip,,512gb,6.3 Inch,uae.emaxme.com/buy-apple-iphone-16-pro-512gb-white-titanium-5g-uae-version-p-01J7NKYPPN7ABX11KECDW018XH-White Titanium-512GB.html,5549.0
black titanium,AED,https://cdn.media.amplience.net/i/emax/100000366221_1,1,Apple iphone 16 Pro 512GB Black Titanium 5G UAE Version,iOS 18,1,5549.0,A18 Pro Chip,,512gb,6.3 Inch,uae.emaxme.com/buy-apple-iphone-16-pro-512gb-black-titanium-5g-uae-version-p-01J7NKYPPN7ABX11KECDW018XH-Black Titanium-512GB.html,5549.0
natural titanium,AED,https://cdn.media.amplience.net/i/emax/100000366232_1,1,Apple iphone 16 Pro 256GB Natural Titanium 5G UAE Version,iOS 18,1,4699.0,A18 Pro Chip,,256gb,6.3 Inch,uae.emaxme.com/buy-apple-iphone-16-pro-256gb-natural-titanium-5g-uae-version-p-01J7NKYPPN7ABX11KECDW018XH-Natural Titanium-256GB.html,4699.0
white titanium,AED,https://cdn.media.amplience.net/i/emax/100000366230_1,1,Apple iphone 16 Pro 256GB White Titanium 5G UAE Version,iOS 18,1,4699.0,A18 Pro Chip,,256gb,6.3 Inch,uae.emaxme.com/buy-apple-iphone-16-pro-256gb-white-titanium-5g-uae-version-p-01J7NKYPPN7ABX11KECDW018XH-White Titanium-256GB.html,4699.0
black titanium,AED,https://cdn.media.amplience.net/i/emax/100000366221_1,1,Apple iphone 16 Pro 256GB Black Titanium 5G UAE Version,iOS 18,1,4699.0,A18 Pro Chip,,256gb,6.3 Inch,uae.emaxme.com/buy-apple-iphone-16-pro-256gb-black-titanium-5g-uae-version-p-01J7NKYPPN7ABX11KECDW018XH-Black Titanium-256GB.html,4699.0
natural titanium,AED,https://cdn.media.amplience.net/i/emax/100000366232_1,1,Apple iphone 16 Pro 128GB Natural Titanium 5G UAE Version,iOS 18,1,4299.0,A18 Pro Chip,,128gb,6.3 Inch,uae.emaxme.com/buy-apple-iphone-16-pro-128gb-natural-titanium-5g-uae-version-p-01J7NKYPPN7ABX11KECDW018XH-Natural Titanium-128GB.html,4299.0
desert titanium,AED,https://cdn.media.amplience.net/i/emax/100000366231_1,1,Apple iphone 16 Pro 128GB Desert Titanium 5G UAE Version,iOS 18,1,4299.0,A18 Pro Chip,,128gb,6.3 Inch,uae.emaxme.com/buy-apple-iphone-16-pro-128gb-desert-titanium-5g-uae-version-p-01J7NKYPPN7ABX11KECDW018XH-Desert Titanium-128GB.html,4299.0
white titanium,AED,https://cdn.media.amplience.net/i/emax/100000366230_1,1,Apple iphone 16 Pro 128GB White Titanium 5G UAE Version,iOS 18,1,4299.0,A18 Pro Chip,,128gb,6.3 Inch,uae.emaxme.com/buy-apple-iphone-16-pro-128gb-white-titanium-5g-uae-version-p-01J7NKYPPN7ABX11KECDW018XH-White Titanium-128GB.html,4299.0
black titanium,AED,https://cdn.media.amplience.net/i/emax/100000366221_1,1,Apple iphone 16 Pro 128GB Black Titanium 5G UAE Version,iOS 18,1,4299.0,A18 Pro Chip,,128gb,6.3 Inch,uae.emaxme.com/buy-apple-iphone-16-pro-128gb-black-titanium-5g-uae-version-p-01J7NKYPPN7ABX11KECDW018XH-Black Titanium-128GB.html,4299.0
ultramarine,AED,https://cdn.media.amplience.net/i/emax/100000366209_1,1,Apple iPhone 16 Plus 128GB Ultramarine 5G UAE Version,iOS 18,1,3799.0,A18 Chip,,128gb,6.7 Inch,uae.emaxme.com/buy-apple-iphone-16-plus-128gb-ultramarine-5g-uae-version-p-01J7NKYPPA8SF116MPGGBQ0GFK-Ultramarine-128GB.html,3799.0
black,AED,https://cdn.media.amplience.net/i/emax/100000366206_1,1,Apple iPhone 16 Plus 128GB Black 5G UAE Version,iOS 18,1,3799.0,A18 Chip,,128gb,6.7 Inch,uae.emaxme.com/buy-apple-iphone-16-plus-128gb-black-5g-uae-version-p-01J7NKYPPA8SF116MPGGBQ0GFK-Black-128GB.html,3799.0
pink,AED,https://cdn.media.amplience.net/i/emax/100000366198_1,1,Apple iPhone 16 256GB Pink 5G UAE Version,iOS 18,1,3799.0,A18 Chip,,256gb,6.1 Inch,uae.emaxme.com/buy-apple-iphone-16-256gb-pink-5g-uae-version-p-01J7NKYPNK4DF61GPV43R40H3R-Pink-256GB.html,3799.0
ultramarine,AED,https://cdn.media.amplience.net/i/emax/100000366194_1,1,Apple iPhone 16 128GB Ultramarine 5G UAE Version,iOS 18,1,3399.0,A18 Chip,,128gb,6.1 Inch,uae.emaxme.com/buy-apple-iphone-16-128gb-ultramarine-5g-uae-version-p-01J7NKYPNK4DF61GPV43R40H3R-Ultramarine-128GB.html,3399.0
pink,AED,https://cdn.media.amplience.net/i/emax/100000366198_1,1,Apple iPhone 16 128GB Pink 5G UAE Version,iOS 18,1,3399.0,A18 Chip,,128gb,6.1 Inch,uae.emaxme.com/buy-apple-iphone-16-128gb-pink-5g-uae-version-p-01J7NKYPNK4DF61GPV43R40H3R-Pink-128GB.html,3399.0
black,AED,https://cdn.media.amplience.net/i/emax/100000366196_1,1,Apple iPhone 16 128GB Black 5G UAE Version,iOS 18,1,3399.0,A18 Chip,,128gb,6.1 Inch,uae.emaxme.com/buy-apple-iphone-16-128gb-black-5g-uae-version-p-01J7NKYPNK4DF61GPV43R40H3R-Black-128GB.html,3399.0
reddish brown,AED,https://cdn.media.amplience.net/i/emax/100000364889_1,1,Honor Magic V3 12GB 512GB Smartphone Reddish Brown 5G + Free Gifts,MagicOS,1,6899.0,Octa-Core,12gb,512gb,7.92 Inch,uae.emaxme.com/buy-honor-magic-v3-12gb-512gb-smartphone-reddish-brown-5g--free-gifts-p-01J6EF2P3VN5MA02DFF5V404W6-Reddish Brown-12GB 512GB.html,6899.0
green,AED,https://cdn.media.amplience.net/i/emax/100000364888_1,1,Honor Magic V3 12GB 512GB Smartphone Green 5G + Free Gifts,MagicOS,1,6899.0,Octa-Core,12gb,512gb,7.92 Inch,uae.emaxme.com/buy-honor-magic-v3-12gb-512gb-smartphone-green-5g--free-gifts-p-01J6EF2P3VN5MA02DFF5V404W6-Green-12GB 512GB.html,6899.0
black,AED,https://cdn.media.amplience.net/i/emax/100000364887_1,1,Honor Magic V3 12GB 512GB Smartphone Black 5G + Free Gifts,MagicOS,1,6899.0,Octa-Core,12gb,512gb,7.92 Inch,uae.emaxme.com/buy-honor-magic-v3-12gb-512gb-smartphone-black-5g--free-gifts-p-01J6EF2P3VN5MA02DFF5V404W6-Black-12GB 512GB.html,6899.0
ocean blue,AED,https://cdn.media.amplience.net/i/emax/100000364814_1,1,Oppo A60 6GB 128GB Ocean Blue 5G Smartphone,ColorOS 14.0.1,1,679.0,Mediatek MT6835T,6gb,128gb,6.67 Inch,uae.emaxme.com/buy-oppo-a60-6gb-128gb-ocean-blue-5g-smartphone-p-01J6BVCZYCAAAJ1ZCSPMK40FGB-Ocean Blue-6GB 128GB.html,679.0
nebula red,AED,https://cdn.media.amplience.net/i/emax/100000364813_1,1,Oppo A60 6GB 128GB Nebula Red 5G Smartphone,ColorOS 14.0.1,1,679.0,Mediatek MT6835T,6gb,128gb,6.67 Inch,uae.emaxme.com/buy-oppo-a60-6gb-128gb-nebula-red-5g-smartphone-p-01J6BVCZYCAAAJ1ZCSPMK40FGB-Nebula Red-6GB 128GB.html,679.0
nebula red,AED,https://cdn.media.amplience.net/i/emax/100000364812_1,1,Oppo A3X 4GB 128GB Nebula Red 4G Smartphone,ColorOS 14.0.1,1,449.0,Octa-Core,4gb,128gb,6.67 Inch,uae.emaxme.com/buy-oppo-a3x-4gb-128gb-nebula-red-4g-smartphone-p-01J6BVCZYEJ0E018MA8HFN01B1-Nebula Red-4GB 128GB.html,449.0
ocean blue,AED,https://cdn.media.amplience.net/i/emax/100000364811_1,1,Oppo A3X 4GB 128GB Ocean Blue 4G Smartphone,ColorOS 14.0.1,1,449.0,Octa-Core,4gb,128gb,6.67 Inch,uae.emaxme.com/buy-oppo-a3x-4gb-128gb-ocean-blue-4g-smartphone-p-01J6BVCZYEJ0E018MA8HFN01B1-Ocean Blue-4GB 128GB.html,449.0
starlight white,AED,https://cdn.media.amplience.net/i/emax/100000364809_1,1,Oppo A3 6GB 128GB Starlight White 4G Smartphone,ColorOS 14.0.1,1,569.0,Octa-Core,128,GB,6.67 Inch,uae.emaxme.com/buy-oppo-a3-6gb-128gb-starlight-white-4g-smartphone-p-01J715SR53568M0EZ2289S0WFH-Starlight White.html,569.0
black,AED,https://cdn.media.amplience.net/i/emax/100000364644_1,1,Samsung Galaxy A06 4GB 64GB Black 4G LTE,Android 14,1,334.0,MediaTek G85,4gb,64gb,6.7 Inch,uae.emaxme.com/buy-samsung-galaxy-a06-4gb-64gb-black-4g-lte-p-01J5TDH0A34P970K5H2VRB0GVT-Black-4GB 64GB.html,389.0
gold,AED,https://cdn.media.amplience.net/i/emax/100000364643_1,1,Samsung Galaxy A06 4GB 64GB Gold 4G LTE,Android 14,1,334.0,MediaTek G85,4gb,64gb,6.7 Inch,uae.emaxme.com/buy-samsung-galaxy-a06-4gb-64gb-gold-4g-lte-p-01J5TDH0A34P970K5H2VRB0GVT-Gold-4GB 64GB.html,389.0
light blue,AED,https://cdn.media.amplience.net/i/emax/100000364642_1,1,Samsung Galaxy A06 4GB 64GB Light Blue 4G LTE,Android 14,1,334.0,MediaTek G85,4gb,64gb,6.7 Inch,uae.emaxme.com/buy-samsung-galaxy-a06-4gb-64gb-light-blue-4g-lte-p-01J5TDH0A34P970K5H2VRB0GVT-Light Blue-4GB 64GB.html,389.0
starry purple,AED,https://cdn.media.amplience.net/i/emax/100000364594_1,1,Honor X 6B 256GB Starry Purple 4G Smartphone,MagicOS 8.0,1,449.0,Octa-Core,256,GB,6.56 Inch,uae.emaxme.com/buy-honor-x-6b-256gb-starry-purple-4g-smartphone-p-01J715SR4EJHB414YKWC3101Y1-Starry Purple.html,449.0
midnight black,AED,https://cdn.media.amplience.net/i/emax/100000364592_1,1,Honor X 6B 256GB Midnight Black 4G Smartphone,MagicOS 8.0,1,449.0,Octa-Core,256,GB,6.56 Inch,uae.emaxme.com/buy-honor-x-6b-256gb-midnight-black-4g-smartphone-p-01J715SR4EJHB414YKWC3101Y1-Midnight Black.html,449.0
amber orange,AED,https://cdn.media.amplience.net/i/emax/100000364168_1,1,Oppo Reno 12F 256GB Amber Orange 5G,ColorOS 14.0,1,1199.0,Mali-G57,12gb,256gb,6.67 Inch,uae.emaxme.com/buy-oppo-reno-12f-256gb-amber-orange-5g-p-01J49AX31ZV9ZA1QVXTVA610JG-Amber Orange-12GB 256GB.html,1199.0
olive green,AED,https://cdn.media.amplience.net/i/emax/100000364167_1,1,Oppo Reno 12F 256GB Olive Green 5G,ColorOS 14.0,1,1199.0,Mali-G57,12gb,256gb,6.67 Inch,uae.emaxme.com/buy-oppo-reno-12f-256gb-olive-green-5g-p-01J49AX31ZV9ZA1QVXTVA610JG-Olive Green-12GB 256GB.html,1199.0
moonlight purple,AED,https://cdn.media.amplience.net/i/emax/100000364097_1,1,Oppo A3 Pro  8GB 256GB Moonlight Purple 5G,‎Android 14,1,830.0,MediaTek Dimensity 6300,8gb,256gb,6.67 Inch,uae.emaxme.com/buy-oppo-a3-pro--8gb-256gb-moonlight-purple-5g-p-01J3FHR573XVDC13XX6RZ21HZA-Moonlight Purple-8GB 256GB.html,899.0
starry black,AED,https://cdn.media.amplience.net/i/emax/100000364096_1,1,Oppo A3 Pro  8GB 256GB Starry Black 5G,‎Android 14,1,803.0,MediaTek Dimensity 6300,8gb,256gb,6.67 Inch,uae.emaxme.com/buy-oppo-a3-pro--8gb-256gb-starry-black-5g-p-01J3FHR573XVDC13XX6RZ21HZA-Starry Black-8GB 256GB.html,899.0
moonlight white,AED,https://cdn.media.amplience.net/i/emax/100000364042_1,1,Honor 200 Pro 12GB 512GB Moonlight White 5G + Free Gifts,MagicOS 8.0 (Based on Android 14),1,2499.0,Snapdragon 8s Gen3 SM8635,12gb,512gb,6.78 Inch,uae.emaxme.com/buy-honor-200-pro-12gb-512gb-moonlight-white-5g--free-gifts-p-01J30CR1KY2WBE0Q5PGERH10QW-Moonlight White-12GB 512GB.html,2499.0
ocean cyan,AED,https://cdn.media.amplience.net/i/emax/100000364041_1,1,Honor 200 Pro 12GB 512GB Ocean Cyan 5G + Free Gifts,MagicOS 8.0 (Based on Android 14),1,2499.0,Snapdragon 8s Gen3 SM8635,12gb,512gb,6.78 Inch,uae.emaxme.com/buy-honor-200-pro-12gb-512gb-ocean-cyan-5g--free-gifts-p-01J30CR1KY2WBE0Q5PGERH10QW-Ocean Cyan-12GB 512GB.html,2499.0
black,AED,https://cdn.media.amplience.net/i/emax/100000364040_1,1,Honor 200 Pro 12GB 512GB Black 5G + Free Gifts,MagicOS 8.0 (Based on Android 14),1,2499.0,Snapdragon 8s Gen3 SM8635,12gb,512gb,6.78 Inch,uae.emaxme.com/buy-honor-200-pro-12gb-512gb-black-5g--free-gifts-p-01J30CR1KY2WBE0Q5PGERH10QW-Black-12GB 512GB.html,2499.0
moonlight white,AED,https://cdn.media.amplience.net/i/emax/100000364039_1,1,Honor 200  12GB 512GB Moonlight White 5G + Free Gifts,MagicOS 8.0 (Based on Android 14),1,1899.0,Qualcomm Snapdragon 7 GEN3,12gb,512gb,6.70 Inch,uae.emaxme.com/buy-honor-200--12gb-512gb-moonlight-white-5g--free-gifts-p-01J30BYN1FHZS50R4WF81F0YDM-Moonlight White-12GB 512GB.html,1899.0
emerald green,AED,https://cdn.media.amplience.net/i/emax/100000364038_1,1,Honor 200  12GB 512GB Emerald Green 5G + Free Gifts,MagicOS 8.0 (Based on Android 14),1,1899.0,Qualcomm Snapdragon 7 GEN3,12gb,512gb,6.70 Inch,uae.emaxme.com/buy-honor-200--12gb-512gb-emerald-green-5g--free-gifts-p-01J30BYN1FHZS50R4WF81F0YDM-Emerald Green-12GB 512GB.html,1899.0
black,AED,https://cdn.media.amplience.net/i/emax/100000364037_1,1,Honor 200  12GB 512GB Black 5G + Free Gifts,MagicOS 8.0 (Based on Android 14),1,1899.0,Qualcomm Snapdragon 7 GEN3,12gb,512gb,6.70 Inch,uae.emaxme.com/buy-honor-200--12gb-512gb-black-5g--free-gifts-p-01J30BYN1FHZS50R4WF81F0YDM-Black-12GB 512GB.html,1899.0
moonlight white,AED,https://cdn.media.amplience.net/i/emax/100000364036_1,1,Honor 200  12GB 256GB Moonlight White 5G + Free Gifts,MagicOS 8.0 (Based on Android 14),1,1599.0,Qualcomm Snapdragon 7 GEN3,12gb,256gb,6.70 Inch,uae.emaxme.com/buy-honor-200--12gb-256gb-moonlight-white-5g--free-gifts-p-01J30BYN1AJ4MP0N6S30431D78-Moonlight White-12GB 256GB.html,1599.0
emerald green,AED,https://cdn.media.amplience.net/i/emax/100000364035_1,1,Honor 200  12GB 256GB Emerald Green 5G + Free Gifts,MagicOS 8.0 (Based on Android 14),2,1599.0,Qualcomm Snapdragon 7 GEN3,12gb,256gb,6.70 Inch,uae.emaxme.com/buy-honor-200--12gb-256gb-emerald-green-5g--free-gifts-p-01J30BYN1AJ4MP0N6S30431D78-Emerald Green-12GB 256GB.html,1599.0
black,AED,https://cdn.media.amplience.net/i/emax/100000364034_1,1,Honor 200  12GB 256GB Black 5G + Free Gifts,MagicOS 8.0 (Based on Android 14),2,1599.0,Qualcomm Snapdragon 7 GEN3,12gb,256gb,6.70 Inch,uae.emaxme.com/buy-honor-200--12gb-256gb-black-5g--free-gifts-p-01J30BYN1AJ4MP0N6S30431D78-Black-12GB 256GB.html,1599.0
silver shadow,AED,https://cdn.media.amplience.net/i/emax/100000363808_1,1,Samsung Galaxy Z Fold6 12GB 1TB Silver Shadow 5G,,2,8099.0,,12gb,1tb,,uae.emaxme.com/buy-samsung-galaxy-z-fold6-12gb-1tb-silver-shadow-5g-p-01J2EBDZ1ES65T1N7E6YWW0DT6-Silver Shadow-12GB 1TB.html,8699.0
silver shadow,AED,https://cdn.media.amplience.net/i/emax/100000363808_1,1,Samsung Galaxy Z Fold6 12GB 512GB Silver Shadow 5G,,2,7099.0,,12gb,512gb,,uae.emaxme.com/buy-samsung-galaxy-z-fold6-12gb-512gb-silver-shadow-5g-p-01J2EBDZ1ES65T1N7E6YWW0DT6-Silver Shadow-12GB 512GB.html,7699.0
silver shadow,AED,https://cdn.media.amplience.net/i/emax/100000363808_1,1,Samsung Galaxy Z Fold6 12GB 256GB Silver Shadow 5G,,2,6599.0,,12gb,256gb,,uae.emaxme.com/buy-samsung-galaxy-z-fold6-12gb-256gb-silver-shadow-5g-p-01J2EBDZ1ES65T1N7E6YWW0DT6-Silver Shadow-12GB 256GB.html,7199.0
pink,AED,https://cdn.media.amplience.net/i/emax/100000363804_1,1,Samsung Galaxy Z Fold6 12GB 512GB Pink 5G,,2,7099.0,,12gb,512gb,,uae.emaxme.com/buy-samsung-galaxy-z-fold6-12gb-512gb-pink-5g-p-01J2EBDZ1ES65T1N7E6YWW0DT6-Pink-12GB 512GB.html,7699.0
pink,AED,https://cdn.media.amplience.net/i/emax/100000363804_1,1,Samsung Galaxy Z Fold6 12GB 256GB Pink 5G,,2,6599.0,,12gb,256gb,,uae.emaxme.com/buy-samsung-galaxy-z-fold6-12gb-256gb-pink-5g-p-01J2EBDZ1ES65T1N7E6YWW0DT6-Pink-12GB 256GB.html,7199.0
navy,AED,https://cdn.media.amplience.net/i/emax/100000363802_1,1,Samsung Galaxy Z Fold6 12GB 1TB Navy 5G,,2,8099.0,,12gb,1tb,,uae.emaxme.com/buy-samsung-galaxy-z-fold6-12gb-1tb-navy-5g-p-01J2EBDZ1ES65T1N7E6YWW0DT6-Navy-12GB 1TB.html,8699.0
navy,AED,https://cdn.media.amplience.net/i/emax/100000363802_1,1,Samsung Galaxy Z Fold6 12GB 512GB Navy 5G,,2,7099.0,,12gb,512gb,,uae.emaxme.com/buy-samsung-galaxy-z-fold6-12gb-512gb-navy-5g-p-01J2EBDZ1ES65T1N7E6YWW0DT6-Navy-12GB 512GB.html,7699.0
navy,AED,https://cdn.media.amplience.net/i/emax/100000363802_1,1,Samsung Galaxy Z Fold6 12GB 256GB Navy 5G,Android,2,6599.0,Octa-Core,12gb,256gb,7.6 Inch,uae.emaxme.com/buy-samsung-galaxy-z-fold6-12gb-256gb-navy-5g-p-01J2EBDZ1ES65T1N7E6YWW0DT6-Navy-12GB 256GB.html,7199.0
yellow,AED,https://cdn.media.amplience.net/i/emax/100000363800_1,1,Samsung Galaxy Z Flip6 12GB 256GB Yellow 5G,,2,3899.0,,12gb,256gb,6.7 Inch,uae.emaxme.com/buy-samsung-galaxy-z-flip6-12gb-256gb-yellow-5g-p-01J2EBDZ16YGAZ1EDEPTYR0JF3-Yellow-12GB 256GB.html,4299.0
mint,AED,https://cdn.media.amplience.net/i/emax/100000363795_1,1,Samsung Galaxy Z Flip6 12GB 512GB Mint 5G,,2,4399.0,,12gb,512gb,6.7 Inch,uae.emaxme.com/buy-samsung-galaxy-z-flip6-12gb-512gb-mint-5g-p-01J2EBDZ16YGAZ1EDEPTYR0JF3-Mint-12GB 512GB.html,4799.0
mint,AED,https://cdn.media.amplience.net/i/emax/100000363795_1,1,Samsung Galaxy Z Flip6 12GB 256GB Mint 5G,,2,3899.0,,12gb,256gb,6.7 Inch,uae.emaxme.com/buy-samsung-galaxy-z-flip6-12gb-256gb-mint-5g-p-01J2EBDZ16YGAZ1EDEPTYR0JF3-Mint-12GB 256GB.html,4299.0
blue,AED,https://cdn.media.amplience.net/i/emax/100000363794_1,1,Samsung Galaxy Z Flip6 12GB 512GB Blue 5G,,2,4399.0,,12gb,512gb,6.7 Inch,uae.emaxme.com/buy-samsung-galaxy-z-flip6-12gb-512gb-blue-5g-p-01J2EBDZ16YGAZ1EDEPTYR0JF3-Blue-12GB 512GB.html,4799.0
blue,AED,https://cdn.media.amplience.net/i/emax/100000363794_1,1,Samsung Galaxy Z Flip6 12GB 256GB Blue 5G,,2,3899.0,,12gb,256gb,6.7 Inch,uae.emaxme.com/buy-samsung-galaxy-z-flip6-12gb-256gb-blue-5g-p-01J2EBDZ16YGAZ1EDEPTYR0JF3-Blue-12GB 256GB.html,4299.0
sunset gold,AED,https://cdn.media.amplience.net/i/emax/100000363498_1,1,OPPO Reno12 Pro 12GB 512GB Sunset Gold 5G Smart Phone,Android 14,2,2099.0,MT6878 Processor,12gb,512gb,6.7 Inch,uae.emaxme.com/buy-oppo-reno12-pro-12gb-512gb-sunset-gold-5g-smart-phone-p-01J1AATR0Q7YWJ096N80ND18Q4-Sunset Gold-12GB 512GB.html,2099.0
space brown,AED,https://cdn.media.amplience.net/i/emax/100000363497_1,1,OPPO Reno12 Pro 12GB 512GB Space Brown 5G Smart Phone,Android 14,2,2099.0,MT6878 Processor,12gb,512gb,6.7 Inch,uae.emaxme.com/buy-oppo-reno12-pro-12gb-512gb-space-brown-5g-smart-phone-p-01J1AATR0Q7YWJ096N80ND18Q4-Space Brown-12GB 512GB.html,2099.0
matte brown,AED,https://cdn.media.amplience.net/i/emax/100000363496_1,1,OPPO Reno12 12GB 512GB  Matte Brown 5G Smartphone,Android 14,2,1599.0,MT6878 Processor,12gb,512gb,6.7 Inch,uae.emaxme.com/buy-oppo-reno12-12gb-512gb--matte-brown-5g-smartphone-p-01J1AATR0F6QZN1YT87N3K1YXN-Matte Brown-12GB 512GB.html,1599.0
astro silver,AED,https://cdn.media.amplience.net/i/emax/100000363495_1,1,OPPO Reno12 12GB 512GB Astro Silver 5G Smartphone,Android 14,2,1599.0,MT6878 Processor,12gb,512gb,6.7 Inch,uae.emaxme.com/buy-oppo-reno12-12gb-512gb-astro-silver-5g-smartphone-p-01J1AATR0F6QZN1YT87N3K1YXN-Astro Silver-12GB 512GB.html,1599.0
sandstone orange,AED,https://media.emaxme.com/i/emax/100000363225_1,1,Samsung Galaxy S24+ 12GB 512GB  Sandstone Orange 5G,Android 14,2,3298.0,Exynos 2400,12gb,512gb,6.7 Inch,uae.emaxme.com/buy-samsung-galaxy-s24-12gb-512gb--sandstone-orange-5g-p-01HM6DBTAE5CFE0Q7Z1F4B0MD0-Sandstone Orange-12GB 512GB.html,4399.0
jade green,AED,https://media.emaxme.com/i/emax/100000363224_1,1,Samsung Galaxy S24+ 12GB 512GB Jade Green 5G,Android 14,2,3298.0,Exynos 2400,12gb,512gb,6.7 Inch,uae.emaxme.com/buy-samsung-galaxy-s24-12gb-512gb-jade-green-5g-p-01HM6DBTAE5CFE0Q7Z1F4B0MD0-Jade Green-12GB 512GB.html,4399.0
sapphire blue,AED,https://media.emaxme.com/i/emax/100000363223_1,1,Samsung Galaxy S24+ 12GB 512GB Sapphire Blue 5G,Android 14,2,3298.0,Exynos 2400,12gb,512gb,6.7 Inch,uae.emaxme.com/buy-samsung-galaxy-s24-12gb-512gb-sapphire-blue-5g-p-01HM6DBTAE5CFE0Q7Z1F4B0MD0-Sapphire Blue-12GB 512GB.html,4399.0
purple,AED,https://cdn.media.amplience.net/i/emax/100000363100_1,1,HONOR Magic V2 16GB 512GB Purple Glass 5G + Free Gifts,MagicOS 7.2,2,4959.0,Snapdragon 8 Gen 2,16gb,512gb,,uae.emaxme.com/buy-honor-magic-v2-16gb-512gb-purple-glass-5g--free-gifts-p-01HYN3V0N01BDJ0CGRFTY504NP-Purple-16GB 512GB.html,5499.0
black pu,AED,https://cdn.media.amplience.net/i/emax/100000363099_1,1,HONOR Magic V2 16GB 512GB Black PU 5G + Free Gifts,MagicOS 7.2,2,4924.0,Snapdragon 8 Gen 2,16gb,512gb,,uae.emaxme.com/buy-honor-magic-v2-16gb-512gb-black-pu-5g--free-gifts-p-01HYN3V0N01BDJ0CGRFTY504NP-Black PU-16GB 512GB.html,5499.0
midnight black,AED,https://cdn.media.amplience.net/i/emax/100000363090_1,1,Honor 200 Lite 8GB 256GB Midnight Black 5G,MagicOS,2,899.0,MediaTek Dimensity 6080,8gb,256gb,6.7 Inch,uae.emaxme.com/buy-honor-200-lite-8gb-256gb-midnight-black-5g-p-01HZ7JW6GC4BK20XZN4W0N1ZPN-Midnight Black-8GB 256GB.html,949.0
starry blue,AED,https://cdn.media.amplience.net/i/emax/100000363089_1,1,Honor 200 Lite 8GB 256GB Starry Blue 5G,MagicOS,2,899.0,MediaTek Dimensity 6080,8gb,256gb,6.7 Inch,uae.emaxme.com/buy-honor-200-lite-8gb-256gb-starry-blue-5g-p-01HZ7JW6GC4BK20XZN4W0N1ZPN-Starry Blue-8GB 256GB.html,949.0
cyan lake,AED,https://cdn.media.amplience.net/i/emax/100000363088_1,1,Honor 200 Lite 8GB 256GB Cyan Lake 5G,MagicOS,2,899.0,MediaTek Dimensity 6080,8gb,256gb,6.7 Inch,uae.emaxme.com/buy-honor-200-lite-8gb-256gb-cyan-lake-5g-p-01HZ7JW6GC4BK20XZN4W0N1ZPN-Cyan Lake-8GB 256GB.html,949.0
brown,AED,https://cdn.media.amplience.net/i/emax/100000362575_1,1,Huawei Pura 70 Ultra  16GB 512GB Arabic Brown 4G,EMUI 14.2,2,3999.0,,16gb,512gb,6.8 Inch,uae.emaxme.com/buy-huawei-pura-70-ultra--16gb-512gb-arabic-brown-4g-p-01HXVNHZF1F4Q911SCMT160R2Z-BROWN-16GB 512GB.html,5099.0
green,AED,https://cdn.media.amplience.net/i/emax/100000362574_1,1,Huawei Pura 70 Ultra 16GB 512GB Arabic Green 4G,EMUI 14.2,2,3999.0,,16gb,512gb,6.8 Inch,uae.emaxme.com/buy-huawei-pura-70-ultra-16gb-512gb-arabic-green-4g-p-01HXVNHZF1F4Q911SCMT160R2Z-GREEN-16GB 512GB.html,5099.0
black,AED,https://cdn.media.amplience.net/i/emax/100000362573_1,1,Huawei Pura 70 Ultra 16GB 512GB Arabic Black 4G,EMUI 14.2,2,3999.0,,16gb,512gb,6.8 Inch,uae.emaxme.com/buy-huawei-pura-70-ultra-16gb-512gb-arabic-black-4g-p-01HXVNHZF1F4Q911SCMT160R2Z-BLACK-16GB 512GB.html,5099.0
black,AED,https://cdn.media.amplience.net/i/emax/100000362571_1,1,Huawei Pura 70 Pro  12GB 512GB Arabic Black 4G,EMUI 14.2,2,3199.0,,12gb,512gb,6.8 Inch,uae.emaxme.com/buy-huawei-pura-70-pro--12gb-512gb-arabic-black-4g-p-01HXVNHZFJNJ030S8FECTQ0KAQ-BLACK-12GB 512GB.html,3999.0
pink,AED,https://cdn.media.amplience.net/i/emax/100000362570_1,1,Huawei Pura 70 12GB 256GB Arabic Pink 4G,EMUI 14.2,2,2999.0,,12gb,256gb,6.6 Inch,uae.emaxme.com/buy-huawei-pura-70-12gb-256gb-arabic-pink-4g-p-01HXVNHZFNWJ1E0FW8638S06XR-PINK-12GB 256GB.html,2999.0
white,AED,https://cdn.media.amplience.net/i/emax/100000362569_1,1,Huawei Pura 70 12GB 256GB Arabic White 4G,EMUI 14.2,2,2999.0,,12gb,256gb,6.6 Inch,uae.emaxme.com/buy-huawei-pura-70-12gb-256gb-arabic-white-4g-p-01HXVNHZFNWJ1E0FW8638S06XR-WHITE-12GB 256GB.html,2999.0
black,AED,https://cdn.media.amplience.net/i/emax/100000362568_1,1,Huawei Pura 70 12GB 256GB Arabic Black 4G,EMUI 14.2,2,2999.0,,12gb,256gb,6.6 Inch,uae.emaxme.com/buy-huawei-pura-70-12gb-256gb-arabic-black-4g-p-01HXVNHZFNWJ1E0FW8638S06XR-BLACK-12GB 256GB.html,2999.0
ripple blue,AED,https://cdn.media.amplience.net/i/emax/100000362556_1,1,Oppo A60 256GB Ripple Blue 4G Smartphone,ColorOS 14.0.1,2,724.0,Octa-Core,256,gb,6.67 Inch,uae.emaxme.com/buy-oppo-a60-256gb-ripple-blue-4g-smartphone-p-01HY17BXEA0DHG1T66RRT31N77-Ripple Blue-256 GB.html,749.0
black,AED,https://cdn.media.amplience.net/i/emax/100000362291_1,1,Huawei Nova Y72 8GB 128GB 4G Black,EMUI 12,2,699.0,,8gb,128gb,6.75 Inch,uae.emaxme.com/buy-huawei-nova-y72-8gb-128gb-4g-black-p-01HVVD37RQ6STK0G0D4WYW01QJ-Black-8GB 128GB.html,699.0
glacier white,AED,https://cdn.media.amplience.net/i/emax/100000362079_1,1,Redmi 13C 8GB 256GB Glacier White 4G,MIUI 14,2,505.0,MediaTek Helio G85,8gb,,6.74 Inch,uae.emaxme.com/buy-redmi-13c-8gb-256gb-glacier-white-4g-p-01HTC78V6NYY0T13SFY9921V63-GLACIER WHITE-8GB  256GB.html,539.0
white,AED,https://cdn.media.amplience.net/i/emax/100000362020_1,1,Huawei Nova 12S 8Gb/256Gb White 4G,,2,1599.0,Qualcomm Snapdragon™ 778G 4G,8gb,256gb,6.7 Inch FHD+ ,uae.emaxme.com/buy-huawei-nova-12s-8gb256gb-white-4g-p-01HT2GK07KGQDF1FHWSMCW138E-WHITE-8GB 256GB.html,1599.0
blue,AED,https://cdn.media.amplience.net/i/emax/100000362019_1,1,Huawei Nova 12S 8Gb/256Gb Blue 4G,,2,1599.0,Qualcomm Snapdragon™ 778G 4G,8gb,256gb,6.7 Inch FHD+ ,uae.emaxme.com/buy-huawei-nova-12s-8gb256gb-blue-4g-p-01HT2GK07KGQDF1FHWSMCW138E-BLUE-8GB 256GB.html,1599.0
black,AED,https://cdn.media.amplience.net/i/emax/100000362018_1,1,Huawei Nova 12S 8Gb/256Gb Black 4G,,2,1599.0,Qualcomm Snapdragon™ 778G 4G,8gb,256gb,6.7 Inch FHD+ ,uae.emaxme.com/buy-huawei-nova-12s-8gb256gb-black-4g-p-01HT2GK07KGQDF1FHWSMCW138E-BLACK-8GB 256GB.html,1599.0
green,AED,https://cdn.media.amplience.net/i/emax/100000362017_1,1,Huawei Nova 12I 8Gb/256Gb Green 4G,,2,949.0,Qualcomm Snapdragon 680,8gb,256gb,6.7 Inch FHD+ ,uae.emaxme.com/buy-huawei-nova-12i-8gb256gb-green-4g-p-01HT2GK078YT5909D11TZN0Q31-GREEN-8GB 256GB.html,949.0
black,AED,https://cdn.media.amplience.net/i/emax/100000362016_1,1,Huawei Nova 12I 8Gb/256Gb Black 4G,,2,949.0,Qualcomm Snapdragon 680,8gb,256gb,6.7 Inch FHD+ ,uae.emaxme.com/buy-huawei-nova-12i-8gb256gb-black-4g-p-01HT2GK078YT5909D11TZN0Q31-BLACK-8GB 256GB.html,949.0
ocean blue,AED,https://cdn.media.amplience.net/i/emax/100000361997_1,1,Oppo Reno11 F 8GB 256GB Ocean Blue 5G,ColorOS 14.0,2,1199.0,MediaTek Dimensity 7050,8gb,256gb,6.7 Inch,uae.emaxme.com/buy-oppo-reno11-f-8gb-256gb-ocean-blue-5g-p-01HSJZDTAE23J70WM1TANW1HHR-OCEAN BLUE-8GB 256GB.html,1199.0
black,AED,https://cdn.media.amplience.net/i/emax/100000361993_1,1,Honor Magic 6 Pro 5G 12GB+512GB Black + Bundle,MagicOS 8.0 (Based on Android 14),2,3299.0,"Snapdragon 8 Gen 3, 1×Cortex-X4 3.3GHz+3×Cortex-A720 3.2GHz+ 2×Cortex-A720 3.0GHz+2×Cortex-A520 2.3GHz",512,GB,6.80 Inch,uae.emaxme.com/buy-honor-magic-6-pro-5g-12gb512gb-black--bundle-p-01HSEAYWZQ25CY1Q8P8SBV0X2Q-BLACK.html,3299.0
yellow,AED,https://cdn.media.amplience.net/i/emax/100000361907_1,1,Samsung Galaxy A55 8 GB 256GB Yellow 5G,Android,2,1227.0,Octa-Core,8gb,256gb,6.6 Inch,uae.emaxme.com/buy-samsung-galaxy-a55-8-gb-256gb-yellow-5g-p-01HS8X5GH3VM0H029R07AB069N-YELLOW-8GB 256GB.html,1549.0
blue black,AED,https://cdn.media.amplience.net/i/emax/100000361905_1,1,Samsung Galaxy A55 8 GB 256GB Blue Black 5G,Android,2,1227.0,Octa-Core,8gb,256gb,6.6 Inch,uae.emaxme.com/buy-samsung-galaxy-a55-8-gb-256gb-blue-black-5g-p-01HS8X5GH3VM0H029R07AB069N-BLUE BLACK-8GB 256GB.html,1549.0
blue black,AED,https://cdn.media.amplience.net/i/emax/100000361905_1,1,Samsung Galaxy A55 8 GB 128GB Blue Black 5G,Android,2,1100.0,Octa-Core,8gb,128gb,6.6 Inch,uae.emaxme.com/buy-samsung-galaxy-a55-8-gb-128gb-blue-black-5g-p-01HS8X5GH3VM0H029R07AB069N-BLUE BLACK-8GB 128GB.html,1449.0
lavender,AED,https://cdn.media.amplience.net/i/emax/100000361903_1,1,Samsung Galaxy A55 8 GB 128GB Lavender 5G,Android,2,1100.0,Octa-Core,8gb,128gb,6.6 Inch,uae.emaxme.com/buy-samsung-galaxy-a55-8-gb-128gb-lavender-5g-p-01HS8X5GH3VM0H029R07AB069N-LAVENDER-8GB 128GB.html,1449.0
light blue,AED,https://cdn.media.amplience.net/i/emax/100000361901_1,1,Samsung Galaxy A55 8 GB 256GB Light Blue 5G,Android,3,1227.0,Octa-Core,8gb,256gb,6.6 Inch,uae.emaxme.com/buy-samsung-galaxy-a55-8-gb-256gb-light-blue-5g-p-01HS8X5GH3VM0H029R07AB069N-LIGHT BLUE-8GB 256GB.html,1549.0
light blue,AED,https://cdn.media.amplience.net/i/emax/100000361901_1,1,Samsung Galaxy A55 8 GB 128GB Light Blue 5G,Android,3,1100.0,Octa-Core,8gb,128gb,6.6 Inch,uae.emaxme.com/buy-samsung-galaxy-a55-8-gb-128gb-light-blue-5g-p-01HS8X5GH3VM0H029R07AB069N-LIGHT BLUE-8GB 128GB.html,1449.0
titanium silver,AED,https://media.emaxme.com/i/emax/100000361467_1,1,Honor X8B 8GB 512GB Titanium Silver 4G,MagicOS 7.2 (Android 13),3,799.0,Qualcomm Snapdragon 680,512,GB,6.7 Inch,uae.emaxme.com/buy-honor-x8b-8gb-512gb-titanium-silver-4g-p-01HQFNE8949N4Q0WWR5AGJ0TQ6-Titanium Silver.html,899.0
glamours green,AED,https://media.emaxme.com/i/emax/100000361466_1,1,Honor X8B 8GB 512GB Glamorous Greenk 4G,MagicOS 7.2 (Android 13),3,799.0,Qualcomm Snapdragon 680,512,GB,6.7 Inch,uae.emaxme.com/buy-honor-x8b-8gb-512gb-glamorous-greenk-4g-p-01HQFNE8949N4Q0WWR5AGJ0TQ6-Glamours Green.html,899.0
midnight black,AED,https://media.emaxme.com/i/emax/100000361465_1,1,Honor X8B 8GB 512GB Midnight Black 4G,MagicOS 7.2 (Android 13),3,799.0,Qualcomm Snapdragon 680,512,GB,6.7 Inch,uae.emaxme.com/buy-honor-x8b-8gb-512gb-midnight-black-4g-p-01HQFNE8949N4Q0WWR5AGJ0TQ6-Midnight Black.html,899.0
midnight  black,AED,https://cdn.media.amplience.net/i/emax/100000361462_1,1,Redmi A3 4GB 128GB Midnight Black 4G,Android 14,3,329.0,MediaTek Helio G36 processor,4gb,,6.71 Inch,uae.emaxme.com/buy-redmi-a3-4gb-128gb-midnight-black-4g-p-01HTC78V6HX0CA00T4E8FW1FM0-MIDNIGHT  BLACK-4GB  128GB.html,349.0
star  blue,AED,https://cdn.media.amplience.net/i/emax/100000361460_1,1,Redmi A3 4GB 128GB Star Blue 4G,Android 14,3,329.0,MediaTek Helio G36 processor,4gb,,6.71 Inch,uae.emaxme.com/buy-redmi-a3-4gb-128gb-star-blue-4g-p-01HTC78V6HX0CA00T4E8FW1FM0-STAR  BLUE-4GB  128GB.html,349.0
glowing blue,AED,https://cdn.media.amplience.net/i/emax/100000361401_1,1,Oppo A18 64GB Glowing Blue 4G Smartphone,ColorOS 13.1,3,384.0,MediaTek Helio G85,64,GB,6.56 Inch,uae.emaxme.com/buy-oppo-a18-64gb-glowing-blue-4g-smartphone-p-01HS3V992K1R7M03S42M1K06SD-GLOWING BLUE.html,399.0
glowing gold,AED,https://cdn.media.amplience.net/i/emax/100000360871_1,1,Oppo A38 6GB 128GB Glowing Gold 4G,ColorOS 13.1,3,499.0,MediaTek Helio G85,6gb,128gb,6.55 Inch,uae.emaxme.com/buy-oppo-a38-6gb-128gb-glowing-gold-4g-p-01HTETKVD583040FHXFQJQ1ZTV-GLOWING GOLD-6GB 128GB.html,499.0
moonlight  white,AED,https://cdn.media.amplience.net/i/emax/100000360830_1,1,Redmi Note 13 Pro+ 12GB 512GB Moonlight White 5G,MIUI 14 based on Android 13,3,1399.0,MediaTek Dimensity 7200-Ultra,12gb,,6.67 Inch,uae.emaxme.com/buy-redmi-note-13-pro-12gb-512gb-moonlight-white-5g-p-01HTC78V79ZSW204HKVXNX1783-MOONLIGHT  WHITE-12GB  512GB.html,1599.0
midnight  black,AED,https://cdn.media.amplience.net/i/emax/100000360828_1,1,Redmi Note 13 Pro+ 12GB 512GB Midnight Black 5G,MIUI 14 based on Android 13,3,1399.0,MediaTek Dimensity 7200-Ultra,12gb,,6.67 Inch,uae.emaxme.com/buy-redmi-note-13-pro-12gb-512gb-midnight-black-5g-p-01HTC78V79ZSW204HKVXNX1783-MIDNIGHT  BLACK-12GB  512GB.html,1599.0
ocean  teal,AED,https://cdn.media.amplience.net/i/emax/100000360820_1,1,Redmi Note 13 Pro 12GB 512GB Ocean Teal 5G,MIUI 14 based on Android 13,3,1199.0,Snapdragon 7s Gen 2,12gb,,6.67 Inch,uae.emaxme.com/buy-redmi-note-13-pro-12gb-512gb-ocean-teal-5g-p-01HTC78V763RHN16BACBND0VA7-OCEAN  TEAL-12GB  512GB.html,1399.0
aurora  purple,AED,https://cdn.media.amplience.net/i/emax/100000360819_1,1,Redmi Note 13 Pro 12GB 512GB Aurora Purple 5G,MIUI 14 based on Android 13,3,1199.0,Snapdragon 7s Gen 2,12gb,,6.67 Inch,uae.emaxme.com/buy-redmi-note-13-pro-12gb-512gb-aurora-purple-5g-p-01HTC78V763RHN16BACBND0VA7-AURORA  PURPLE-12GB  512GB.html,1399.0
midnight  black,AED,https://cdn.media.amplience.net/i/emax/100000360818_1,1,Redmi Note 13 Pro  12GB 512GB Midnight Black 5G,MIUI 14 based on Android 13,3,1199.0,Snapdragon 7s Gen 2,12gb,,6.67 Inch,uae.emaxme.com/buy-redmi-note-13-pro--12gb-512gb-midnight-black-5g-p-01HTC78V763RHN16BACBND0VA7-MIDNIGHT  BLACK-12GB  512GB.html,1399.0
mint  green,AED,https://cdn.media.amplience.net/i/emax/100000360817_1,1,Redmi Note 13 8GB 256GB Mint Green 4G,MIUI 14 based on Android 13,3,619.0,Snapdragon 685,8gb,,6.67 Inch,uae.emaxme.com/buy-redmi-note-13-8gb-256gb-mint-green-4g-p-01HTC78V6YJ0390BKHRQMF1280-MINT  GREEN-8GB  256GB.html,749.0
ice  blue,AED,https://cdn.media.amplience.net/i/emax/100000360816_1,1,Redmi Note 13 8GB 256GB Ice Blue 4G,MIUI 14 based on Android 13,3,619.0,Snapdragon 685,8gb,,6.67 Inch,uae.emaxme.com/buy-redmi-note-13-8gb-256gb-ice-blue-4g-p-01HTC78V6YJ0390BKHRQMF1280-ICE  BLUE-8GB  256GB.html,749.0
midnight  black,AED,https://cdn.media.amplience.net/i/emax/100000360815_1,1,Redmi Note 13 8GB 256GB Midnight Black 4G,MIUI 14 based on Android 13,3,619.0,Snapdragon 685,8gb,,6.67 Inch,uae.emaxme.com/buy-redmi-note-13-8gb-256gb-midnight-black-4g-p-01HTC78V6YJ0390BKHRQMF1280-MIDNIGHT  BLACK-8GB  256GB.html,749.0
rock grey,AED,https://media.emaxme.com/i/emax/100000360369_1,1,Oppo Reno11 Pro 12GB 512GB Rock Grey 5G,ColorOS 14,3,1849.0,Qualcomm Snapdragon 8 Plus Gen 1,12gb,512gb,6.74 Inch,uae.emaxme.com/buy-oppo-reno11-pro-12gb-512gb-rock-grey-5g-p-01HKSW127PBAMA0F0EZ6361HMX-Rock Grey-12GB 512GB.html,2099.0
rock grey,AED,https://media.emaxme.com/i/emax/100000360367_1,1,Oppo Reno11 12GB 256GB Rock Grey 5G,ColorOS 14,3,1399.0,Dimensity 8200,12gb,256gb,6.7 Inch,uae.emaxme.com/buy-oppo-reno11-12gb-256gb-rock-grey-5g-p-01HKSW1277VQB90S31GEBN1QK3-Rock Grey-12GB 256GB.html,1549.0
wave green,AED,https://media.emaxme.com/i/emax/100000360366_1,1,Oppo Reno11 12GB 256GB Wave Green 5G,ColorOS 14,3,1399.0,Dimensity 8200,12gb,256gb,6.7 Inch,uae.emaxme.com/buy-oppo-reno11-12gb-256gb-wave-green-5g-p-01HKSW1277VQB90S31GEBN1QK3-Wave Green-12GB 256GB.html,1549.0
flowing silver,AED,https://media.emaxme.com/i/emax/100000360273_1,1,Honor X7B 8GB 256GB Flowing Silver 4G,Android 13,3,589.0,Qualcomm Snapdragon 680,8gb,256gb,6.8 Inch,uae.emaxme.com/buy-honor-x7b-8gb-256gb-flowing-silver-4g-p-01HJGRKFP1FB6A19BP2SJJ041S-Flowing Silver-8GB 256GB.html,589.0
emerald green,AED,https://media.emaxme.com/i/emax/100000360272_1,1,Honor X7B 8GB 256GB Emerald Green 4G,Android 13,3,589.0,Qualcomm Snapdragon 680,8gb,256gb,6.8 Inch,uae.emaxme.com/buy-honor-x7b-8gb-256gb-emerald-green-4g-p-01HJGRKFP1FB6A19BP2SJJ041S-Emerald Green-8GB 256GB.html,589.0
midnight black,AED,https://media.emaxme.com/i/emax/100000360270_1,1,Honor X7B 8GB 256GB Midnight Black 4G,Android 13,3,589.0,Qualcomm Snapdragon 680,8gb,256gb,6.8 Inch,uae.emaxme.com/buy-honor-x7b-8gb-256gb-midnight-black-4g-p-01HJGRKFP1FB6A19BP2SJJ041S-Midnight Black-8GB 256GB.html,589.0
blue black,AED,https://media.emaxme.com/i/emax/100000360267_1,1,Samsung Galaxy A25 8GB 256GB Blue Black 5G,Android,3,749.0,Octa-Core,8gb,256gb,6.5 Inch,uae.emaxme.com/buy-samsung-galaxy-a25-8gb-256gb-blue-black-5g-p-01HK5CJXDMD3AH1DQVMPRP0F9X-Blue Black-8GB 256GB.html,1169.0
light blue,AED,https://media.emaxme.com/i/emax/100000360264_1,1,Samsung Galaxy A25 8GB 256GB Light Blue 5G,Android,3,749.0,Octa-Core,8gb,256gb,6.5 Inch,uae.emaxme.com/buy-samsung-galaxy-a25-8gb-256gb-light-blue-5g-p-01HK5CJXDMD3AH1DQVMPRP0F9X-Light Blue-8GB 256GB.html,1169.0
light blue,AED,https://media.emaxme.com/i/emax/100000360264_1,1,Samsung Galaxy A25 6GB 128GB Light Blue 5G,Android,3,601.0,Octa-Core,6gb,128gb,6.5 Inch,uae.emaxme.com/buy-samsung-galaxy-a25-6gb-128gb-light-blue-5g-p-01HK5CJXDMD3AH1DQVMPRP0F9X-Light Blue-6GB 128GB.html,999.0
yellow,AED,https://media.emaxme.com/i/emax/100000360263_1,1,Samsung Galaxy A15 4GB 128GB Yellow 5G,Android,3,509.0,Octa-Core,4gb,128gb,6.5 Inch,uae.emaxme.com/buy-samsung-galaxy-a15-4gb-128gb-yellow-5g-p-01HK5CJXDD95XQ15Z1P0DD1G43-Yellow-4GB 128GB.html,709.0
blue black,AED,https://media.emaxme.com/i/emax/100000360262_1,1,Samsung Galaxy A15 4GB 128GB Blue Black 5G,Android,3,509.0,Octa-Core,4gb,128gb,6.5 Inch,uae.emaxme.com/buy-samsung-galaxy-a15-4gb-128gb-blue-black-5g-p-01HK5CJXDD95XQ15Z1P0DD1G43-Blue Black-4GB 128GB.html,709.0
light blue,AED,https://media.emaxme.com/i/emax/100000360261_1,1,Samsung Galaxy A15 4GB 128GB Light Blue 5G,Android,3,503.0,Octa-Core,4gb,128gb,6.5 Inch,uae.emaxme.com/buy-samsung-galaxy-a15-4gb-128gb-light-blue-5g-p-01HK5CJXDD95XQ15Z1P0DD1G43-Light Blue-4GB 128GB.html,709.0
blue black,AED,https://media.emaxme.com/i/emax/100000360257_1,1,Samsung Galaxy A15 6GB 128GB Blue Black 4G,Android,3,457.0,Octa-Core,6gb,128gb,6.5 Inch,uae.emaxme.com/buy-samsung-galaxy-a15-6gb-128gb-blue-black-4g-p-01HK5CJXD7NZNW0DY0A55H1P7T-Blue Black-6GB 128GB.html,689.0
blue black,AED,https://media.emaxme.com/i/emax/100000360257_1,1,Samsung Galaxy A15 4GB 128GB Blue Black 4G,Android,3,432.0,Octa-Core,4gb,128gb,6.5 Inch,uae.emaxme.com/buy-samsung-galaxy-a15-4gb-128gb-blue-black-4g-p-01HK5CJXD7NZNW0DY0A55H1P7T-Blue Black-4GB 128GB.html,629.0
light blue,AED,https://media.emaxme.com/i/emax/100000360255_1,1,Samsung Galaxy A15 6GB 128GB Light Blue 4G,Android,3,465.0,Octa-Core,6gb,128gb,6.5 Inch,uae.emaxme.com/buy-samsung-galaxy-a15-6gb-128gb-light-blue-4g-p-01HK5CJXD7NZNW0DY0A55H1P7T-Light Blue-6GB 128GB.html,689.0
silver,AED,https://media.emaxme.com/i/emax/100000359995_1,1,Samsung Galaxy A05S 6GB 128GB Silver 4G,Android,3,553.0,Snapdragon 680 Qualcomm SM6225,6gb,128gb,6.7 Inch,uae.emaxme.com/buy-samsung-galaxy-a05s-6gb-128gb-silver-4g-p-01HK5CS2V3MCCZ1YDKR0HB0ZPM-Silver-6GB 128GB.html,609.0
black,AED,https://media.emaxme.com/i/emax/100000359992_1,1,Samsung Galaxy A05S 6GB 128GB Black 4G,Android,3,553.0,Snapdragon 680 Qualcomm SM6225,6gb,128gb,6.7 Inch,uae.emaxme.com/buy-samsung-galaxy-a05s-6gb-128gb-black-4g-p-01HK5CS2V3MCCZ1YDKR0HB0ZPM-Black-6GB 128GB.html,609.0
black,AED,https://media.emaxme.com/i/emax/100000359992_1,1,Samsung Galaxy A05S 4GB 128GB Black 4G,Android,3,381.0,Snapdragon 680 Qualcomm SM6225,4gb,128gb,6.7 Inch,uae.emaxme.com/buy-samsung-galaxy-a05s-4gb-128gb-black-4g-p-01HK5CS2V3MCCZ1YDKR0HB0ZPM-Black-4GB 128GB.html,549.0
light violet,AED,https://media.emaxme.com/i/emax/100000359990_1,1,Samsung Galaxy A05S 6GB 128GB Light Violet 4G,Android,3,553.0,Snapdragon 680 Qualcomm SM6225,6gb,128gb,6.7 Inch,uae.emaxme.com/buy-samsung-galaxy-a05s-6gb-128gb-light-violet-4g-p-01HK5CS2V3MCCZ1YDKR0HB0ZPM-Light Violet-6GB 128GB.html,609.0
light violet,AED,https://media.emaxme.com/i/emax/100000359990_1,1,Samsung Galaxy A05S 4GB 128GB Light Violet 4G,Android,3,384.0,Snapdragon 680 Qualcomm SM6225,4gb,128gb,6.7 Inch,uae.emaxme.com/buy-samsung-galaxy-a05s-4gb-128gb-light-violet-4g-p-01HK5CS2V3MCCZ1YDKR0HB0ZPM-Light Violet-4GB 128GB.html,549.0
black,AED,https://media.emaxme.com/i/emax/100000359986_1,1,Samsung Galaxy A05 4GB 128GB Black 4G,Android,3,322.0,MediaTek MT6769V/WY,4gb,128gb,6.7 Inch,uae.emaxme.com/buy-samsung-galaxy-a05-4gb-128gb-black-4g-p-01HHHQ3X6QPG0C1ZZX5VDA013Q-Black-4GB 128GB.html,449.0
purple,AED,https://media.emaxme.com/i/emax/100000359816_1,1,Oppo A79 8GB 256GB Purple 5G,ColorOS 13.1,3,824.0,MT6833,8gb,256gb,6.72 Inch,uae.emaxme.com/buy-oppo-a79-8gb-256gb-purple-5g-p-01HGAN3KH45RH20G3AEMCC0P7Q-Purple-8GB 256GB.html,899.0
black,AED,https://media.emaxme.com/i/emax/100000359814_1,1,Oppo A79 8GB 256GB Black 5G,ColorOS 13.1,3,824.0,MT6833,8gb,256gb,6.72 Inch,uae.emaxme.com/buy-oppo-a79-8gb-256gb-black-5g-p-01HGAN3KH45RH20G3AEMCC0P7Q-Black-8GB 256GB.html,899.0
midnight black,AED,https://cdn.media.amplience.net/i/emax/100000359686_1,1,Redmi 13C 8GB 256GB Midnight Black 4G,MIUI 14,3,505.0,MediaTek Helio G85,8gb,,6.74 Inch,uae.emaxme.com/buy-redmi-13c-8gb-256gb-midnight-black-4g-p-01HTC78V6NYY0T13SFY9921V63-MIDNIGHT BLACK-8GB  256GB.html,539.0
navy blue,AED,https://cdn.media.amplience.net/i/emax/100000359685_1,1,Redmi 13C 8GB 256GB Navy Blue 4G,MIUI 14,3,505.0,MediaTek Helio G85,8gb,,6.74 Inch,uae.emaxme.com/buy-redmi-13c-8gb-256gb-navy-blue-4g-p-01HTC78V6NYY0T13SFY9921V63-NAVY BLUE-8GB  256GB.html,539.0
blue,AED,https://media.emaxme.com/i/emax/100000359263_1,1,Nokia G22 TA-1528 6GB 256GB GCC Blue 4G,Android 12,3,423.0,Unisoc T606,6gb,256gb,6.5 Inch,uae.emaxme.com/buy-nokia-g22-ta1528-6gb-256gb-gcc-blue-4g-p-01HEVTCZMSFTZJ11EFYWKM0Z7T-Blue-6GB 256GB.html,499.0
grey,AED,https://media.emaxme.com/i/emax/100000358885_1,1,Nokia G42 8GB 256GB Grey 5G,Android 13,3,587.0,Snapdragon,8gb,256gb,6.56 Inch,uae.emaxme.com/buy-nokia-g42-8gb-256gb-grey-5g-p-01HD45XA5ARXY01JPDTX3P1Q2F-Grey-8GB 256GB.html,699.0
charcoal,AED,https://media.emaxme.com/i/emax/100000358762_1,1,Nokia C32 6GB 128GB Charcoal 4G,Android 13,3,353.0,Unisoc SC9863A1,6gb,128gb,6.52 Inch,uae.emaxme.com/buy-nokia-c32-6gb-128gb-charcoal-4g-p-01HCY41W19BBTQ01G2KANH151K-Charcoal-6GB 128GB.html,399.0
green,AED,https://media.emaxme.com/i/emax/100000358761_1,1,Nokia C32 6GB 128GB Green 4G,Android 13,3,353.0,Unisoc SC9863A1,6gb,128gb,6.52 Inch,uae.emaxme.com/buy-nokia-c32-6gb-128gb-green-4g-p-01HCY41W19BBTQ01G2KANH151K-Green-6GB 128GB.html,399.0
blue,AED,https://media.emaxme.com/i/emax/100000358722_1,1,Oppo A18 4GB 128GB Glowing Blue 4G,ColorOS,3,404.0,MediaTek Helio G85,4gb,128gb,6.56 Inch,uae.emaxme.com/buy-oppo-a18-4gb-128gb-glowing-blue-4g-p-01HD6BZFE9976F0C677BMN1DKY-Blue-4GB 128GB.html,419.0
cyan,AED,https://media.emaxme.com/i/emax/100000358702_1,1,Nokia C12 Pro 4GB 64GB Cyan 4G,Android 12,3,283.0,Unisoc 9863A1,4gb,64gb,6.3 Inch,uae.emaxme.com/buy-nokia-c12-pro-4gb-64gb-cyan-4g-p-01HCY41W2KM8K91WF2PCYW1Y36-Cyan-4GB 64GB.html,299.0
cream,AED,https://media.emaxme.com/i/emax/100000358671_1,1,Samsung Galaxy S23 FE 8GB 256GB Cream 5G,Android,4,1640.0,Samsung Exynos 2200,8gb,256gb,6.4 Inch,uae.emaxme.com/buy-samsung-galaxy-s23-fe-8gb-256gb-cream-5g-p-01HCMNS03AMNAC1PT43TQQ1CNE-Cream-8GB 256GB.html,2549.0
purple,AED,https://media.emaxme.com/i/emax/100000358668_1,1,Samsung Galaxy S23 FE 8GB 256GB Purple 5G,Android,4,1650.0,Samsung Exynos 2200,8gb,256gb,6.4 Inch,uae.emaxme.com/buy-samsung-galaxy-s23-fe-8gb-256gb-purple-5g-p-01HCMNS03AMNAC1PT43TQQ1CNE-Purple-8GB 256GB.html,2549.0
mint,AED,https://media.emaxme.com/i/emax/100000358664_1,1,Samsung Galaxy S23 FE 8GB 256GB Mint 5G,Android,4,1640.0,Samsung Exynos 2200,8gb,256gb,6.4 Inch,uae.emaxme.com/buy-samsung-galaxy-s23-fe-8gb-256gb-mint-5g-p-01HCMNS03AMNAC1PT43TQQ1CNE-Mint-8GB 256GB.html,2549.0
white titanium,AED,https://media.emaxme.com/i/emax/100000357800_1,1,Apple iPhone 15 Pro Max 512GB White Titanium 5G UAE Version,iOS 17,4,5349.0,A17 Pro chip,,512gb,6.7 Inch,uae.emaxme.com/buy-apple-iphone-15-pro-max-512gb-white-titanium-5g-uae-version-p-01HAC1087824K90YS4MBBV1WHM-White Titanium-512GB.html,5949.0
white titanium,AED,https://media.emaxme.com/i/emax/100000357784_1,1,Apple iPhone 15 Pro 256GB White Titanium 5G UAE Version,iOS 17,4,4049.0,A17 Pro chip,,256gb,6.1 Inch,uae.emaxme.com/buy-apple-iphone-15-pro-256gb-white-titanium-5g-uae-version-p-01HAC10863J20W0572C1NS0FQ3-White Titanium-256GB.html,4699.0
black titanium,AED,https://media.emaxme.com/i/emax/100000357773_1,1,Apple iPhone 15 Pro 128GB Black Titanium 5G UAE Version,iOS 17,4,3749.0,A17 Pro chip,,128gb,6.1 Inch,uae.emaxme.com/buy-apple-iphone-15-pro-128gb-black-titanium-5g-uae-version-p-01HAC10863J20W0572C1NS0FQ3-Black Titanium-128GB.html,4299.0
blue,AED,https://media.emaxme.com/i/emax/100000357766_1,1,Apple iPhone 15 Plus 256GB Blue 5G UAE Version,iOS 17,4,3699.0,A16 Bionic chip,,256gb,6.7 Inch,uae.emaxme.com/buy-apple-iphone-15-plus-256gb-blue-5g-uae-version-p-01HAC1084W70S31FZH39QP1N2Z-Blue-256GB.html,4199.0
pink,AED,https://media.emaxme.com/i/emax/100000357759_1,1,Apple iPhone 15 Plus 256GB Pink 5G UAE Version,iOS 17,4,3699.0,A16 Bionic chip,,256gb,6.7 Inch,uae.emaxme.com/buy-apple-iphone-15-plus-256gb-pink-5g-uae-version-p-01HAC1084W70S31FZH39QP1N2Z-Pink-256GB.html,4199.0
glowing black,AED,https://media.emaxme.com/i/emax/100000356733_1,1,Oppo A38 4GB 128GB Glowing Black 4G,Android 13,4,469.0,Mediatek MT6769 Helio G85,4gb,128gb,6.56 Inch,uae.emaxme.com/buy-oppo-a38-4gb-128gb-glowing-black-4g-p-01HA47384RYC500CZKBX410YZZ-Glowing Black-4GB 128GB.html,469.0
sky silver,AED,https://media.emaxme.com/i/emax/100000356638_1,1,Honor X6A 4GB 128GB Sky Silver 4G,Android 13,4,409.0,Octa-core(Mediatek Helio G36),4gb,128gb,6.56 Inch,uae.emaxme.com/buy-honor-x6a-4gb-128gb-sky-silver-4g-p-01H8NTTDHM4KEQ0N4A3G590A1X-Sky Silver-4GB 128GB.html,409.0
cyan lake,AED,https://media.emaxme.com/i/emax/100000356637_1,1,Honor X6A 4GB 128GB Cyan Lake 4G,Android 13,4,409.0,Octa-core(Mediatek Helio G36),4gb,128gb,6.56 Inch,uae.emaxme.com/buy-honor-x6a-4gb-128gb-cyan-lake-4g-p-01H8NTTDHM4KEQ0N4A3G590A1X-Cyan Lake-4GB 128GB.html,409.0
midnigh black,AED,https://media.emaxme.com/i/emax/100000356636_1,1,Honor X6A 4GB 128GB Midnight Black 4G,Android 13,4,409.0,Octa-core(Mediatek Helio G36),4gb,128gb,6.56 Inch,uae.emaxme.com/buy-honor-x6a-4gb-128gb-midnight-black-4g-p-01H8NTTDHM4KEQ0N4A3G590A1X-Midnigh Black-4GB 128GB.html,409.0
green,AED,https://media.emaxme.com/i/emax/100000356368_1,1,Oppo A58 8GB 128GB Dazzling Green 4G,ColorOS 13.1,4,535.0,,8gb,128gb,6.72 Inch,uae.emaxme.com/buy-oppo-a58-8gb-128gb-dazzling-green-4g-p-01H7Z5RTCDZ2MW07MRX3MX1KNY-Green-8GB 128GB.html,599.0
charcoal,AED,https://media.emaxme.com/i/emax/100000356364_1,1,Nokia C32 DS 4GB 128GB Charcoal 4G,,4,409.0,,4gb,128gb,6.7 Inch,uae.emaxme.com/buy-nokia-c32-ds-4gb-128gb-charcoal-4g-p-01H7Z5RT8HXV0F0SB60HJ10XMY-Charcoal-4GB 128GB.html,419.0
rococo pearl,AED,https://media.emaxme.com/i/emax/100000354163_1,1,Huawei P60 Pro 8GB 256GB Arabic Rococo Pearl 4G,EMUI 13.1,4,3399.0,Snapdragon 8+ Gen 1 4G,8gb,256gb,6.67 Inch,uae.emaxme.com/buy-huawei-p60-pro-8gb-256gb-arabic-rococo-pearl-4g-p-01GZZHPP8NYZPP160PRVZM10DK-Rococo Pearl-8GB 256GB.html,3399.0
purple,AED,https://media.emaxme.com/i/emax/100000349684_1,1,Apple iPhone 14 Plus 256GB Purple 5G UAE Version,iOS 16,4,2999.0,A15 Bionic chip,256,GB,6.7 Inch,uae.emaxme.com/buy-apple-iphone-14-plus-256gb-purple-5g-uae-version-p-01GCGH1XEZ61800QART5JV1H2V-Purple-256GB.html,4199.0
starlight,AED,https://media.emaxme.com/i/emax/100000349693_1,1,Apple iPhone 14 Plus 256GB Starlight 5G UAE Version,iOS 16,4,2999.0,A15 Bionic chip,256,GB,6.7 Inch,uae.emaxme.com/buy-apple-iphone-14-plus-256gb-starlight-5g-uae-version-p-01GCGH1XEZ61800QART5JV1H2V-Starlight-256GB.html,4199.0
midnight,AED,https://media.emaxme.com/i/emax/100000349700_1,1,Apple iPhone 14 Plus 256GB Midnight 5G UAE Version,iOS 16,4,2999.0,A15 Bionic chip,256,GB,6.7 Inch,uae.emaxme.com/buy-apple-iphone-14-plus-256gb-midnight-5g-uae-version-p-01GCGH1XEZ61800QART5JV1H2V-Midnight-256GB.html,4199.0
midnight,AED,https://media.emaxme.com/i/emax/100000349700_1,1,Apple iPhone 14 Plus 128GB Midnight 5G UAE Version,iOS 16,4,2599.0,A15 Bionic chip,128,GB,6.7 Inch,uae.emaxme.com/buy-apple-iphone-14-plus-128gb-midnight-5g-uae-version-p-01GCGH1XEZ61800QART5JV1H2V-Midnight-128GB.html,3799.0
phantom black,AED,https://media.emaxme.com/i/emax/100000348601_1,1,Samsung Galaxy Z Fold4 12GB 256GB Phantom Black 5G,Android 12,4,6789.0,Snapdragon 8+ Gen 1,,256gb,7.6 Inch,uae.emaxme.com/buy-samsung-galaxy-z-fold4-12gb-256gb-phantom-black-5g-p-01GA3EMBRNABD80GVYE7V71T0S-Phantom Black-256GB.html,6799.0
